distribution_channel,cancellation_rate
Corporate,24.809074279848307
Direct,23.901096922482
GDS,39.729681346222705
TA/TO,62.24789026326467
Undefined,100.0
